Região de Planejamento,Município,Total,mun_upp
CARIRI,Abaiara,111,ABAIARA
CARIRI,Altaneira,108,ALTANEIRA
CARIRI,Antonina do Norte,131,ANTONINA DO NORTE
CARIRI,Araripe,102,ARARIPE
CARIRI,Assaré,221,ASSARÉ
CARIRI,Aurora,156,AURORA
CARIRI,Barbalha,236,BARBALHA
CARIRI,Barro,136,BARRO
CARIRI,Brejo Santo,194,BREJO SANTO
CARIRI,Campos Sales,105,CAMPOS SALES
CARIRI,Caririaçu,410,CARIRIAÇU
CARIRI,Crato,556,CRATO
CARIRI,Farias Brito,125,FARIAS BRITO
CARIRI,Granjeiro,108,GRANJEIRO
CARIRI,Jardim,136,JARDIM
CARIRI,Jati,101,JATI
CARIRI,Juazeiro do Norte,875,JUAZEIRO DO NORTE
CARIRI,Lavras da Mangabeira,286,LAVRAS DA MANGABEIRA
CARIRI,Mauriti,204,MAURITI
CARIRI,Milagres,221,MILAGRES
CARIRI,Missão Velha,188,MISSÃO VELHA
CARIRI,Nova Olinda,234,NOVA OLINDA
CARIRI,Penaforte,109,PENAFORTE
CARIRI,Porteiras,100,PORTEIRAS
CARIRI,Potengi,117,POTENGI
CARIRI,Salitre,100,SALITRE
CARIRI,Santana do Cariri,236,SANTANA DO CARIRI
CARIRI,Tarrafas,102,TARRAFAS
CARIRI,Várzea Alegre,195,VÁRZEA ALEGRE
CENTRO SUL,Acopiara,448,ACOPIARA
CENTRO SUL,Baixio,122,BAIXIO
CENTRO SUL,Cariús,155,CARIÚS
CENTRO SUL,Catarina,108,CATARINA
CENTRO SUL,Cedro,190,CEDRO
CENTRO SUL,Icó,551,ICÓ
CENTRO SUL,Iguatu,402,IGUATU
CENTRO SUL,Ipaumirim,124,IPAUMIRIM
CENTRO SUL,Jucás,329,JUCÁS
CENTRO SUL,Orós,204,ORÓS
CENTRO SUL,Quixelô,109,QUIXELÔ
CENTRO SUL,Saboeiro,173,SABOEIRO
CENTRO SUL,Umari,105,UMARI
GRANDE FORTALEZA,Aquiraz,416,AQUIRAZ
GRANDE FORTALEZA,Cascavel,359,CASCAVEL
GRANDE FORTALEZA,Caucaia,1729,CAUCAIA
GRANDE FORTALEZA,Chorozinho,103,CHOROZINHO
GRANDE FORTALEZA,Eusébio,174,EUSÉBIO
GRANDE FORTALEZA,Fortaleza,9039,FORTALEZA
GRANDE FORTALEZA,Guaiúba,107,GUAIÚBA
GRANDE FORTALEZA,Horizonte,199,HORIZONTE
GRANDE FORTALEZA,Itaitinga,200,ITAITINGA
GRANDE FORTALEZA,Maracanaú,975,MARACANAÚ
GRANDE FORTALEZA,Maranguape,577,MARANGUAPE
GRANDE FORTALEZA,Pacajus,219,PACAJUS
GRANDE FORTALEZA,Pacatuba,284,PACATUBA
GRANDE FORTALEZA,Paracuru,174,PARACURU
GRANDE FORTALEZA,Paraipaba,183,PARAIPABA
GRANDE FORTALEZA,Pindoretama,114,PINDORETAMA
GRANDE FORTALEZA,São Gonçalo do Amarante,214,SÃO GONÇALO DO AMARANTE
GRANDE FORTALEZA,São Luís do Curu,105,SÃO LUÍS DO CURU
GRANDE FORTALEZA,Trairi,501,TRAIRI
LITORAL LESTE,Aracati,234,ARACATI
LITORAL LESTE,Beberibe,394,BEBERIBE
LITORAL LESTE,Fortim,101,FORTIM
LITORAL LESTE,Icapuí,104,ICAPUÍ
LITORAL LESTE,Itaiçaba,103,ITAIÇABA
LITORAL LESTE,Jaguaruana,190,JAGUARUANA
LITORAL NORTE,Acaraú,675,ACARAÚ
LITORAL NORTE,Barroquinha,104,BARROQUINHA
LITORAL NORTE,Bela Cruz,202,BELA CRUZ
LITORAL NORTE,Camocim,291,CAMOCIM
LITORAL NORTE,Chaval,255,CHAVAL
LITORAL NORTE,Cruz,211,CRUZ
LITORAL NORTE,Granja,269,GRANJA
LITORAL NORTE,Itarema,421,ITAREMA
LITORAL NORTE,Jijoca de Jericoacoara,101,JIJOCA DE JERICOACOARA
LITORAL NORTE,Marco,133,MARCO
LITORAL NORTE,Martinópole,184,MARTINÓPOLE
LITORAL NORTE,Morrinhos,102,MORRINHOS
LITORAL NORTE,Uruoca,124,URUOCA
LITORAL OESTE / VALE DO CURU,Amontada,231,AMONTADA
LITORAL OESTE / VALE DO CURU,Apuiarés,115,APUIARÉS
LITORAL OESTE / VALE DO CURU,General Sampaio,105,GENERAL SAMPAIO
LITORAL OESTE / VALE DO CURU,Irauçuba,230,IRAUÇUBA
LITORAL OESTE / VALE DO CURU,Itapagé,212,ITAPAGÉ
LITORAL OESTE / VALE DO CURU,Itapipoca,588,ITAPIPOCA
LITORAL OESTE / VALE DO CURU,Miraíma,108,MIRAÍMA
LITORAL OESTE / VALE DO CURU,Pentecoste,160,PENTECOSTE
LITORAL OESTE / VALE DO CURU,Tejuçuoca,361,TEJUÇUOCA
LITORAL OESTE / VALE DO CURU,Tururu,151,TURURU
LITORAL OESTE / VALE DO CURU,Umirim,298,UMIRIM
LITORAL OESTE / VALE DO CURU,Uruburetama,128,URUBURETAMA
MACIÇO DE BATURITÉ,Acarapé,146,ACARAPÉ
MACIÇO DE BATURITÉ,Aracoiaba,131,ARACOIABA
MACIÇO DE BATURITÉ,Aratuba,139,ARATUBA
MACIÇO DE BATURITÉ,Barreira,120,BARREIRA
MACIÇO DE BATURITÉ,Baturité,194,BATURITÉ
MACIÇO DE BATURITÉ,Capistrano,132,CAPISTRANO
MACIÇO DE BATURITÉ,Guaramiranga,105,GUARAMIRANGA
MACIÇO DE BATURITÉ,Itapiúna,106,ITAPIÚNA
MACIÇO DE BATURITÉ,Mulungu,163,MULUNGU
MACIÇO DE BATURITÉ,Ocara,120,OCARA
MACIÇO DE BATURITÉ,Pacoti,101,PACOTI
MACIÇO DE BATURITÉ,Palmácia,104,PALMÁCIA
MACIÇO DE BATURITÉ,Redenção,129,REDENÇÃO
SERRA DA IBIAPABA,Carnaubal,137,CARNAUBAL
SERRA DA IBIAPABA,Croatá,209,CROATÁ
SERRA DA IBIAPABA,Guaraciaba do Norte,211,GUARACIABA DO NORTE
SERRA DA IBIAPABA,Ibiapina,113,IBIAPINA
SERRA DA IBIAPABA,Ipu,280,IPU
SERRA DA IBIAPABA,São Benedito,222,SÃO BENEDITO
SERRA DA IBIAPABA,Tianguá,347,TIANGUÁ
SERRA DA IBIAPABA,Ubajara,163,UBAJARA
SERRA DA IBIAPABA,Viçosa do Ceará,743,VIÇOSA DO CEARÁ
SERTÃO CENTRAL,Banabuiú,100,BANABUIÚ
SERTÃO CENTRAL,Choró,132,CHORÓ
SERTÃO CENTRAL,Deputado Irapuan Pinheiro,114,DEPUTADO IRAPUAN PINHEIRO
SERTÃO CENTRAL,Ibaretama,174,IBARETAMA
SERTÃO CENTRAL,Ibicuitinga,103,IBICUITINGA
SERTÃO CENTRAL,Milhã,100,MILHÃ
SERTÃO CENTRAL,Mombaça,352,MOMBAÇA
SERTÃO CENTRAL,Pedra Branca,206,PEDRA BRANCA
SERTÃO CENTRAL,Piquet Carneiro,125,PIQUET CARNEIRO
SERTÃO CENTRAL,Quixadá,509,QUIXADÁ
SERTÃO CENTRAL,Quixeramobim,363,QUIXERAMOBIM
SERTÃO CENTRAL,Senador Pompeu,245,SENADOR POMPEU
SERTÃO CENTRAL,Solonópole,110,SOLONÓPOLE
SERTÃO DE CANINDÉ,Boa Viagem,333,BOA VIAGEM
SERTÃO DE CANINDÉ,Canindé,413,CANINDÉ
SERTÃO DE CANINDÉ,Caridade,269,CARIDADE
SERTÃO DE CANINDÉ,Itatira,446,ITATIRA
SERTÃO DE CANINDÉ,Madalena,204,MADALENA
SERTÃO DE CANINDÉ,Paramoti,118,PARAMOTI
SERTÃO DE SOBRAL,Alcântaras,100,ALCÂNTARAS
SERTÃO DE SOBRAL,Cariré,169,CARIRÉ
SERTÃO DE SOBRAL,Coreaú,158,COREAÚ
SERTÃO DE SOBRAL,Forquilha,102,FORQUILHA
SERTÃO DE SOBRAL,Frecheirinha,100,FRECHEIRINHA
SERTÃO DE SOBRAL,Graça,100,GRAÇA
SERTÃO DE SOBRAL,Groaíras,114,GROAÍRAS
SERTÃO DE SOBRAL,Massapê,167,MASSAPÊ
SERTÃO DE SOBRAL,Meruoca,101,MERUOCA
SERTÃO DE SOBRAL,Moraújo,143,MORAÚJO
SERTÃO DE SOBRAL,Mucambo,102,MUCAMBO
SERTÃO DE SOBRAL,Pacujá,101,PACUJÁ
SERTÃO DE SOBRAL,Pires Ferreira,101,PIRES FERREIRA
SERTÃO DE SOBRAL,Reriutaba,149,RERIUTABA
SERTÃO DE SOBRAL,Santana do Acaraú,456,SANTANA DO ACARAÚ
SERTÃO DE SOBRAL,Senador sá,102,SENADOR SÁ
SERTÃO DE SOBRAL,Sobral,587,SOBRAL
SERTÃO DE SOBRAL,Varjota,111,VARJOTA
SERTÃO DOS CRATEÚS,Ararendá,101,ARARENDÁ
SERTÃO DOS CRATEÚS,Catunda,107,CATUNDA
SERTÃO DOS CRATEÚS,Crateús,258,CRATEÚS
SERTÃO DOS CRATEÚS,Hidrolândia,106,HIDROLÂNDIA
SERTÃO DOS CRATEÚS,Independência,122,INDEPENDÊNCIA
SERTÃO DOS CRATEÚS,Ipaporanga,115,IPAPORANGA
SERTÃO DOS CRATEÚS,Ipueiras,176,IPUEIRAS
SERTÃO DOS CRATEÚS,Monsenhor Tabosa,184,MONSENHOR TABOSA
SERTÃO DOS CRATEÚS,Nova Russas,115,NOVA RUSSAS
SERTÃO DOS CRATEÚS,Novo Oriente,201,NOVO ORIENTE
SERTÃO DOS CRATEÚS,Poranga,100,PORANGA
SERTÃO DOS CRATEÚS,Santa Quitéria,229,SANTA QUITÉRIA
SERTÃO DOS CRATEÚS,Tamboril,182,TAMBORIL
SERTÃO DOS INHAMUNS,Aiuaba,212,AIUABA
SERTÃO DOS INHAMUNS,Arneiroz,100,ARNEIROZ
SERTÃO DOS INHAMUNS,Parambu,117,PARAMBU
SERTÃO DOS INHAMUNS,Quiterianópolis,100,QUITERIANÓPOLIS
SERTÃO DOS INHAMUNS,Tauá,200,TAUÁ
VALE DO JAGUARIBE,Alto Santo,103,ALTO SANTO
VALE DO JAGUARIBE,Ererê,102,ERERÊ
VALE DO JAGUARIBE,Iracema,107,IRACEMA
VALE DO JAGUARIBE,Jaguaretama,109,JAGUARETAMA
VALE DO JAGUARIBE,Jaguaribara,108,JAGUARIBARA
VALE DO JAGUARIBE,Jaguaribe,108,JAGUARIBE
VALE DO JAGUARIBE,Limoeiro do Norte,239,LIMOEIRO DO NORTE
VALE DO JAGUARIBE,Morada Nova,290,MORADA NOVA
VALE DO JAGUARIBE,Palhano,121,PALHANO
VALE DO JAGUARIBE,Pereiro,140,PEREIRO
VALE DO JAGUARIBE,Potiretama,104,POTIRETAMA
VALE DO JAGUARIBE,Quixeré,101,QUIXERÉ
VALE DO JAGUARIBE,Russas,272,RUSSAS
VALE DO JAGUARIBE,São João do Jaguaribe,100,SÃO JOÃO DO JAGUARIBE
VALE DO JAGUARIBE,Tabuleiro do Norte,142,TABULEIRO DO NORTE