,Nº LOTE,Município,mun_upp
0,LOTE 12,Caucaia,CAUCAIA
1,LOTE 13,Maracanaú,MARACANAÚ
2,LOTE 14,Guaiúba,GUAIÚBA
3,LOTE 14,Itaitinga,ITAITINGA
4,LOTE 14,Maranguape,MARANGUAPE
5,LOTE 14,Pacatuba,PACATUBA
6,LOTE 15,Aquiraz,AQUIRAZ
7,LOTE 15,Cascavel,CASCAVEL
8,LOTE 15,Chorozinho,CHOROZINHO
9,LOTE 15,Eusébio,EUSÉBIO
10,LOTE 15,Horizonte,HORIZONTE
11,LOTE 15,Pacajus,PACAJUS
12,LOTE 15,Pindoretama,PINDORETAMA
13,LOTE 16,Paracuru,PARACURU
14,LOTE 16,Paraipaba,PARAIPABA
15,LOTE 16,São Gonçalo do Amarante,SÃO GONÇALO DO AMARANTE
16,LOTE 16,São Luís do Curu,SÃO LUÍS DO CURU
17,LOTE 16,Trairi,TRAIRI
18,LOTE 17,Aracati,ARACATI
19,LOTE 17,Beberibe,BEBERIBE
20,LOTE 17,Fortim,FORTIM
21,LOTE 17,Icapuí,ICAPUÍ
22,LOTE 17,Itaiçaba,ITAIÇABA
23,LOTE 17,Jaguaruana,JAGUARUANA
24,LOTE 18,Barroquinha,BARROQUINHA
25,LOTE 18,Camocim,CAMOCIM
26,LOTE 18,Chaval,CHAVAL
27,LOTE 18,Granja,GRANJA
28,LOTE 18,Martinópole,MARTINÓPOLE
29,LOTE 18,Uruoca,URUOCA
30,LOTE 19,Acaraú,ACARAÚ
31,LOTE 19,Cruz,CRUZ
32,LOTE 19,Itarema,ITAREMA
33,LOTE 19,Jijoca de Jericoacoara,JIJOCA DE JERICOACOARA
34,LOTE 19,Marco,MARCO
35,LOTE 19,Morrinhos,MORRINHOS
36,LOTE 19,Bela Cruz,BELA CRUZ
37,LOTE 20,Amontada,AMONTADA
38,LOTE 20,Itapipoca,ITAPIPOCA
39,LOTE 20,Miraíma,MIRAÍMA
40,LOTE 20,Tururu,TURURU
41,LOTE 21,Apuiarés,APUIARÉS
42,LOTE 21,General Sampaio,GENERAL SAMPAIO
43,LOTE 21,Irauçuba,IRAUÇUBA
44,LOTE 21,Itapajé,ITAPAJÉ
45,LOTE 21,Pentecoste,PENTECOSTE
46,LOTE 21,Tejuçuoca,TEJUÇUOCA
47,LOTE 21,Umirim,UMIRIM
48,LOTE 21,Uruburetama,URUBURETAMA
49,LOTE 22,Caririaçu,CARIRIAÇU
50,LOTE 22,Farias Brito,FARIAS BRITO
51,LOTE 22,Granjeiro,GRANJEIRO
52,LOTE 22,Juazeiro do Norte,JUAZEIRO DO NORTE
53,LOTE 22,Várzea Alegre,VÁRZEA ALEGRE
54,LOTE 23,Abaiara,ABAIARA
55,LOTE 23,Crato,CRATO
56,LOTE 23,Jardim,JARDIM
57,LOTE 23,Barbalha,BARBALHA
58,LOTE 23,Missão Velha,MISSÃO VELHA
59,LOTE 24,Aurora,AURORA
60,LOTE 24,Barro,BARRO
61,LOTE 24,Brejo Santo,BREJO SANTO
62,LOTE 24,Jati,JATI
63,LOTE 24,Lavras da Mangabeira,LAVRAS DA MANGABEIRA
64,LOTE 24,Mauriti,MAURITI
65,LOTE 24,Milagres,MILAGRES
66,LOTE 24,Penaforte,PENAFORTE
67,LOTE 24,Porteiras,PORTEIRAS
68,LOTE 25,Altaneira,ALTANEIRA
69,LOTE 25,Antonina do Norte,ANTONINA DO NORTE
70,LOTE 25,Araripe,ARARIPE
71,LOTE 25,Assaré,ASSARÉ
72,LOTE 25,Campos Sales,CAMPOS SALES
73,LOTE 25,Nova Olinda,NOVA OLINDA
74,LOTE 25,Potengi,POTENGI
75,LOTE 25,Salitre,SALITRE
76,LOTE 25,Santana do Cariri,SANTANA DO CARIRI
77,LOTE 25,Tarrafas,TARRAFAS
78,LOTE 26,Acopiara,ACOPIARA
79,LOTE 26,Catarina,CATARINA
80,LOTE 26,Iguatu,IGUATU
81,LOTE 26,Quixelô,QUIXELÔ
82,LOTE 27,Baixio,BAIXIO
83,LOTE 27,Cariús,CARIÚS
84,LOTE 27,Cedro,CEDRO
85,LOTE 27,Icó,ICÓ
86,LOTE 27,Ipaumirim,IPAUMIRIM
87,LOTE 27,Jucás,JUCÁS
88,LOTE 27,Orós,ORÓS
89,LOTE 27,Saboeiro,SABOEIRO
90,LOTE 27,Umari,UMARI
91,LOTE 28,Acarape,ACARAPE
92,LOTE 28,Aracoiaba,ARACOIABA
93,LOTE 28,Aratuba,ARATUBA
94,LOTE 28,Barreira,BARREIRA
95,LOTE 28,Baturité,BATURITÉ
96,LOTE 28,Capistrano,CAPISTRANO
97,LOTE 28,Guaramiranga,GUARAMIRANGA
98,LOTE 28,Itapiúna,ITAPIÚNA
99,LOTE 28,Mulungu,MULUNGU
100,LOTE 28,Ocara,OCARA
101,LOTE 28,Pacoti,PACOTI
102,LOTE 28,Palmácia,PALMÁCIA
103,LOTE 28,Redenção,REDENÇÃO
104,LOTE 29,Carnaubal,CARNAUBAL
105,LOTE 29,Croatá,CROATÁ
106,LOTE 29,Guaraciaba do Norte,GUARACIABA DO NORTE
107,LOTE 29,Ibiapina,IBIAPINA
108,LOTE 29,Ipu,IPU
109,LOTE 29,São Benedito,SÃO BENEDITO
110,LOTE 29,Tianguá,TIANGUÁ
111,LOTE 29,Ubajara,UBAJARA
112,LOTE 29,Viçosa do Ceará,VIÇOSA DO CEARÁ
113,LOTE 30,Banabuiú,BANABUIÚ
114,LOTE 30,Choró,CHORÓ
115,LOTE 30,Ibaretama,IBARETAMA
116,LOTE 30,Ibicuitinga,IBICUITINGA
117,LOTE 30,Quixadá,QUIXADÁ
118,LOTE 30,Quixeramobim,QUIXERAMOBIM
119,LOTE 31,Deputado Irapuan Pinheiro,DEPUTADO IRAPUAN PINHEIRO
120,LOTE 31,Milhã,MILHÃ
121,LOTE 31,Mombaça,MOMBAÇA
122,LOTE 31,Pedra Branca,PEDRA BRANCA
123,LOTE 31,Piquet Carneiro,PIQUET CARNEIRO
124,LOTE 31,Senador Pompeu,SENADOR POMPEU
125,LOTE 31,Solonópole,SOLONÓPOLE
126,LOTE 32,Boa Viagem,BOA VIAGEM
127,LOTE 32,Canindé,CANINDÉ
128,LOTE 32,Caridade,CARIDADE
129,LOTE 32,Itatira,ITATIRA
130,LOTE 32,Madalena,MADALENA
131,LOTE 32,Paramoti,PARAMOTI
132,LOTE 33,Forquilha,FORQUILHA
133,LOTE 33,Groaíras,GROAÍRAS
134,LOTE 33,Sobral,SOBRAL
135,LOTE 34,Cariré,CARIRÉ
136,LOTE 34,Coreaú,COREAÚ
137,LOTE 34,Frecheirinha,FRECHEIRINHA
138,LOTE 34,Graça,GRAÇA
139,LOTE 34,Moraújo,MORAÚJO
140,LOTE 34,Mucambo,MUCAMBO
141,LOTE 34,Pacujá,PACUJÁ
142,LOTE 34,Pires Ferreira,PIRES FERREIRA
143,LOTE 34,Reriutaba,RERIUTABA
144,LOTE 34,Varjota,VARJOTA
145,LOTE 35,Alcântaras,ALCÂNTARAS
146,LOTE 35,Massapê,MASSAPÊ
147,LOTE 35,Meruoca,MERUOCA
148,LOTE 35,Santana do Acaraú,SANTANA DO ACARAÚ
149,LOTE 35,Senador Sá,SENADOR SÁ
150,LOTE 36,Crateús,CRATEÚS
151,LOTE 36,Independência,INDEPENDÊNCIA
152,LOTE 36,Ipaporanga,IPAPORANGA
153,LOTE 36,Novo Oriente,NOVO ORIENTE
154,LOTE 36,Ararendá,ARARENDÁ
155,LOTE 37,Catunda,CATUNDA
156,LOTE 37,Hidrolândia,HIDROLÂNDIA
157,LOTE 37,Ipueiras,IPUEIRAS
158,LOTE 37,Monsenhor Tabosa,MONSENHOR TABOSA
159,LOTE 37,Nova Russas,NOVA RUSSAS
160,LOTE 37,Santa Quitéria,SANTA QUITÉRIA
161,LOTE 37,Poranga,PORANGA
162,LOTE 37,Tamboril,TAMBORIL
163,LOTE 38,Aiuaba,AIUABA
164,LOTE 38,Arneiroz,ARNEIROZ
165,LOTE 38,Parambu,PARAMBU
166,LOTE 38,Quiterianópolis,QUITERIANÓPOLIS
167,LOTE 38,Tauá,TAUÁ
168,LOTE 39,Limoeiro do Norte,LIMOEIRO DO NORTE
169,LOTE 39,Morada Nova,MORADA NOVA
170,LOTE 39,Palhano,PALHANO
171,LOTE 39,Quixeré,QUIXERÉ
172,LOTE 39,Russas,RUSSAS
173,LOTE 39,São João do Jaguaribe,SÃO JOÃO DO JAGUARIBE
174,LOTE 39,Tabuleiro do Norte,TABULEIRO DO NORTE
175,LOTE 40,Alto Santo,ALTO SANTO
176,LOTE 40,Ereré,ERERÉ
177,LOTE 40,Iracema,IRACEMA
178,LOTE 40,Jaguaretama,JAGUARETAMA
179,LOTE 40,Jaguaribara,JAGUARIBARA
180,LOTE 40,Jaguaribe,JAGUARIBE
181,LOTE 40,Pereiro,PEREIRO
182,LOTE 40,Potiretama,POTIRETAMA
