mun_upp,Região de Planejamento,valor
ABAIARA,Cariri,727324.55
ACARAPE,Maciço de Baturité,1026773.01
ACARAÚ,Litoral Norte,5435100.7299999995
ACOPIARA,Centro Sul,3374243.33
AIUABA,Sertão dos Inhamuns,1350983.8599999999
ALCÂNTARAS,Sertão de Sobral,483512.96
ALTANEIRA,Cariri,906883.63
ALTO SANTO,Vale do Jaguaribe,542601.05
AMONTADA,Litoral Oeste / Vale do Curu,2122321.9
ANTONINA DO NORTE,Cariri,989182.51
APUIARÉS,Litoral Oeste / Vale do Curu,878365.5299999999
AQUIRAZ,Grande Fortaleza,2200200.88
ARACATI,Litoral Leste,2397207.0500000003
ARACOIABA,Maciço de Baturité,846965.62
ARARENDÁ,Sertão dos Crateús,856730.2000000001
ARARIPE,Cariri,790730.33
ARATUBA,Maciço de Baturité,1095043.03
ARNEIROZ,Sertão dos Inhamuns,667327.8099999999
ASSARÉ,Cariri,1866590.7
AURORA,Cariri,1201933.1099999999
BAIXIO,Centro Sul,413706.75000000006
BANABUIÚ,Sertão Central,782978.32
BARBALHA,Cariri,1797878.75
BARREIRA,Maciço de Baturité,1037492.2299999999
BARRO,Cariri,983099.88
BARROQUINHA,Litoral Norte,769478.9900000001
BATURITÉ,Maciço de Baturité,1801628.55
BEBERIBE,Litoral Leste,2069436.2
BELA CRUZ,Litoral Norte,1180701.45
BOA VIAGEM,Sertão de Canindé,3231725.69
BREJO SANTO,Cariri,1656060.83
CAMOCIM,Litoral Norte,2244372.66
CAMPOS SALES,Cariri,1283511.1700000002
CANINDÉ,Sertão de Canindé,3804664.75
CAPISTRANO,Maciço de Baturité,1053824.54
CARIDADE,Sertão de Canindé,1872204.18
CARIRIAÇU,Cariri,2969496.6399999997
CARIRÉ,Sertão de Sobral,958074.07
CARIÚS,Centro Sul,1050679.78
CARNAUBAL,Serra da Ibiapaba,1065162.6
CASCAVEL,Grande Fortaleza,2749403.29
CATARINA,Centro Sul,821366.9899999999
CATUNDA,Sertão dos Crateús,751037.5099999999
CAUCAIA,Grande Fortaleza,11957583.430000002
CEDRO,Centro Sul,1409619.41
CHAVAL,Litoral Norte,1752767.79
CHOROZINHO,Grande Fortaleza,761996.7
CHORÓ,Sertão Central,835749.1099999999
COREAÚ,Sertão de Sobral,1533350.67
CRATEÚS,Sertão dos Crateús,2268576.77
CRATO,Cariri,3808806.86
CROATÁ,Serra da Ibiapaba,1679375.2799999998
CRUZ,Litoral Norte,1971923.6600000001
DEPUTADO IRAPUAN PINHEIRO,Sertão Central,741173.89
ERERÊ,Vale do Jaguaribe,715716.98
EUSÉBIO,Grande Fortaleza,1084374.03
FARIAS BRITO,Cariri,901643.16
FORQUILHA,Sertão de Sobral,797725.02
FORTALEZA,Grande Fortaleza,63308476.800000004
FORTIM,Litoral Leste,790850.14
FRECHEIRINHA,Sertão de Sobral,864996.28
GENERAL SAMPAIO,Litoral Oeste / Vale do Curu,775844.5800000001
GRANJA,Litoral Norte,2695196.3
GRANJEIRO,Cariri,551454.41
GRAÇA,Sertão de Sobral,726226.02
GROAÍRAS,Sertão de Sobral,890853.7100000001
GUAIÚBA,Grande Fortaleza,469665.31000000006
GUARACIABA DO NORTE,Serra da Ibiapaba,3179707.8899999997
GUARAMIRANGA,Maciço de Baturité,633468.35
HIDROLÂNDIA,Sertão dos Crateús,796127.55
HORIZONTE,Grande Fortaleza,1864758.0899999999
IBARETAMA,Sertão Central,1267933.42
IBIAPINA,Serra da Ibiapaba,803372.01
IBICUITINGA,Sertão Central,724975.11
ICAPUÍ,Litoral Leste,815092.2899999999
ICÓ,Centro Sul,4285559.16
IGUATU,Centro Sul,3202945.96
INDEPENDÊNCIA,Sertão dos Crateús,1044716.77
IPAPORANGA,Sertão dos Crateús,781316.48
IPAUMIRIM,Centro Sul,1567485.55
IPU,Serra da Ibiapaba,2642562.0900000003
IPUEIRAS,Sertão dos Crateús,1042643.46
IRACEMA,Vale do Jaguaribe,768738.78
IRAUÇUBA,Litoral Oeste / Vale do Curu,1790587.22
ITAITINGA,Grande Fortaleza,2149724.14
ITAIÇABA,Litoral Leste,469041.29
ITAPAJÉ,Litoral Oeste / Vale do Curu,2291318.15
ITAPIPOCA,Litoral Oeste / Vale do Curu,7207062.99
ITAPIÚNA,Maciço de Baturité,1129924.62
ITAREMA,Litoral Norte,2725669.64
ITATIRA,Sertão de Canindé,2407271.29
JAGUARETAMA,Vale do Jaguaribe,774786.6499999999
JAGUARIBARA,Vale do Jaguaribe,783994.8
JAGUARIBE,Vale do Jaguaribe,966656.4500000001
JAGUARUANA,Litoral Leste,1531790.05
JARDIM,Cariri,1059713.85
JATI,Cariri,672585.12
JIJOCA DE JERICOACOARA,Litoral Norte,1434292.67
JUAZEIRO DO NORTE,Cariri,7094482.9399999995
JUCÁS,Centro Sul,2612030.6799999997
LAVRAS DA MANGABEIRA,Cariri,1966001.3
LIMOEIRO DO NORTE,Vale do Jaguaribe,1834415.0999999999
MADALENA,Sertão de Canindé,2534617.0900000003
MARACANAÚ,Grande Fortaleza,7235536.38
MARANGUAPE,Grande Fortaleza,4482384.59
MARCO,Litoral Norte,1376507.3199999998
MARTINÓPOLE,Litoral Norte,1206671.76
MASSAPÊ,Sertão de Sobral,1395396.0999999999
MAURITI,Cariri,1984178.22
MERUOCA,Sertão de Sobral,969404.61
MILAGRES,Cariri,1648383.94
MILHÃ,Sertão Central,765052.15
MIRAÍMA,Litoral Oeste / Vale do Curu,584624.02
MISSÃO VELHA,Cariri,1372521.81
MOMBAÇA,Sertão Central,2280210.55
MONSENHOR TABOSA,Sertão dos Crateús,1322212.3900000001
MORADA NOVA,Vale do Jaguaribe,2490301.7600000002
MORAÚJO,Sertão de Sobral,871694.01
MORRINHOS,Litoral Norte,403469.09
MUCAMBO,Sertão de Sobral,932290.41
MULUNGU,Maciço de Baturité,1191423.7
NOVA OLINDA,Cariri,1985849.0999999999
NOVA RUSSAS,Sertão dos Crateús,908076.62
NOVO ORIENTE,Sertão dos Crateús,1641016.05
OCARA,Maciço de Baturité,1019347.21
ORÓS,Centro Sul,1487182.3499999999
PACAJUS,Grande Fortaleza,2068455.55
PACATUBA,Grande Fortaleza,1839627.77
PACOTI,Maciço de Baturité,692883.87
PACUJÁ,Sertão de Sobral,746058.3400000001
PALHANO,Vale do Jaguaribe,687751.7
PALMÁCIA,Maciço de Baturité,846566.0099999999
PARACURU,Grande Fortaleza,1306575.24
PARAIPABA,Grande Fortaleza,1431473.9400000002
PARAMBU,Sertão dos Inhamuns,923617.16
PARAMOTI,Sertão de Canindé,703004.73
PEDRA BRANCA,Sertão Central,1785533.7600000002
PENAFORTE,Cariri,787981.9500000001
PENTECOSTE,Litoral Oeste / Vale do Curu,1182629.6199999999
PEREIRO,Vale do Jaguaribe,1106144.47
PINDORETAMA,Grande Fortaleza,1322089.1999999997
PIQUET CARNEIRO,Sertão Central,865240.77
PIRES FERREIRA,Sertão de Sobral,385130.14999999997
PORANGA,Sertão dos Crateús,944086.1
PORTEIRAS,Cariri,765686.9400000001
POTENGI,Cariri,892989.26
POTIRETAMA,Vale do Jaguaribe,783950.44
QUITERIANÓPOLIS,Sertão dos Inhamuns,769964.91
QUIXADÁ,Sertão Central,4184493.63
QUIXELÔ,Centro Sul,948933.5399999999
QUIXERAMOBIM,Sertão Central,3125271.01
QUIXERÉ,Vale do Jaguaribe,755122.22
REDENÇÃO,Maciço de Baturité,1366620.43
RERIUTABA,Sertão de Sobral,916362.1900000001
RUSSAS,Vale do Jaguaribe,2038087.53
SABOEIRO,Centro Sul,1120806.92
SALITRE,Cariri,565277.8200000001
SANTA QUITÉRIA,Sertão dos Crateús,1402504.7799999998
SANTANA DO ACARAÚ,Sertão de Sobral,3385353.96
SANTANA DO CARIRI,Cariri,1511454.75
SENADOR POMPEU,Sertão Central,1634116.6199999999
SENADOR SÁ,Sertão de Sobral,709988.75
SOBRAL,Sertão de Sobral,4562300.159999999
SOLONÓPOLE,Sertão Central,823907.34
SÃO BENEDITO,Serra da Ibiapaba,2137782.81
SÃO GONÇALO DO AMARANTE,Grande Fortaleza,2127492.93
SÃO JOÃO DO JAGUARIBE,Vale do Jaguaribe,558898.53
SÃO LUÍS DO CURU,Grande Fortaleza,615078.3
TABULEIRO DO NORTE,Vale do Jaguaribe,1274422.94
TAMBORIL,Sertão dos Crateús,1603955.0499999998
TARRAFAS,Cariri,608172.6900000001
TAUÁ,Sertão dos Inhamuns,1784561.51
TEJUÇUOCA,Litoral Oeste / Vale do Curu,2091610.36
TIANGUÁ,Serra da Ibiapaba,3332317.27
TRAIRI,Grande Fortaleza,3593431.31
TURURU,Litoral Oeste / Vale do Curu,891968.8400000001
UBAJARA,Serra da Ibiapaba,748294.72
UMARI,Centro Sul,504641.31
UMIRIM,Litoral Oeste / Vale do Curu,2123660.55
URUBURETAMA,Litoral Oeste / Vale do Curu,1079174.32
URUOCA,Litoral Norte,958499.91
VARJOTA,Sertão de Sobral,522066.65
VIÇOSA DO CEARÁ,Serra da Ibiapaba,5885055.919999999
VÁRZEA ALEGRE,Cariri,2058953.84
